0,1,2,3,4,5,6,7,8,9,10,11,12,13,14,15,16,17,18,19
-2.1779406874059877,3.3101708780299717,0.3607992254984908,1.7229984053378482,-0.0161694006987227,0.1862977138351851,-0.1191583364655179,-0.0096183364754353,-0.339646334176899,-0.2621526494786911,-0.1846837747730182,-0.5194687104665885,-0.4542640036441336,-0.0196213412581118,-0.1080341611717489,-0.3046375954188745,-0.2828043728201049,-0.3983534388357629,-0.0510611605463101,-0.3326519190655919
-1.9639191754607188,3.7145665104651937,0.7170789963973421,0.5940042789335455,-0.0582921119755696,0.5558209619897597,-0.2700093676854079,-0.1678534538861971,-0.1464819069346753,0.1011493274413131,-0.3416808010743772,-0.0392881930888767,-0.3746032935438142,-0.3417932749192897,-0.3122712022428415,-0.3560826682222217,-0.3480681023308692,-0.3397731100363185,-0.3484717284635654,-0.2740316853624084
-3.0413897646918593,2.776446766750883,0.4531602335586671,1.2916809013055084,-0.2156139910051326,0.4528007180854397,-0.174445924847006,0.4173313474751714,-0.3842694259767936,0.0228683110928029,-0.4594379494976967,0.230814668642022,-0.2462650748107327,-0.3107824167566482,-0.1768413634861408,-0.030779894626315,-0.0718276732197912,-0.1691839212738548,-0.2501732659012548,-0.1140922808172722
-2.2495675411159612,3.139389040731466,0.5709463768868162,1.7521016738704207,0.2334986183147543,0.4231926548263174,-0.2862812888025804,0.2024908839758885,-0.3325458746388539,-0.2696187858688035,-0.5132435595265566,-0.2290744659036168,-0.1541512038929732,-0.3596053439482091,-0.2892763315177354,-0.3646811719670724,-0.2257769444968768,-0.4933318595974331,-0.1927485279691707,-0.3617163493598219
-1.8521575283341405,3.7681975948060185,-0.1041504514183399,1.1059158792074884,0.0951523107197232,-0.4175274614388231,0.2929546168200456,-0.0142347846871786,-0.0844661912878558,-0.2723303777827167,-0.4790360949518037,-0.2989647495175903,-0.3029425781746568,-0.3894235500749131,-0.1994552370243832,-0.2488732674533707,-0.1960901708254123,-0.2234939646750659,0.0030918800818708,-0.1821658739888939
-2.474560306556476,3.0980027135111965,-0.0510516509032737,1.5788064887754938,0.3271468885278563,0.7300584387822798,0.2397720986922072,-0.2405254179302259,-0.243072550452368,-0.1503525002520159,-0.296981503784697,-0.4472725204609073,-0.3964640189044316,-0.0618762606489707,-0.1253422744086866,-0.189377413122501,-0.3262517251028763,-0.1947816854266552,-0.4027790747367135,-0.3730977255982319
-2.223417405935722,3.519845629631215,-0.091919826681856,1.2164777711209327,0.0778911817644911,0.1205315889298194,-0.0793170934280022,0.2992997687970777,-0.3195386869499655,-0.164416787955545,-0.0391524074549785,-0.2793717439045113,-0.2295997060187606,-0.5107425972300736,-0.4041481453456413,-0.539697081563394,-0.2183560997070885,-0.1880385282954133,0.0490585588235681,0.0046116114038467
-2.5020402463990212,3.340271824204953,0.3230913561053923,1.0524183258697186,-0.1141120884751846,0.3459949289844289,-0.0061023937380301,0.1110094387305387,-0.0268318567019829,-0.1089720399339402,-0.5182799022825002,-0.5819892907365556,-0.5050498150821939,-0.3068808882523725,-0.3241197319139643,0.1625262767170457,-0.1287100022287963,-0.3070776145756059,-0.0208022474954992,0.1156559672035731
-0.7284092385034883,4.047624487385099,-0.220232707938427,1.0088266190147914,0.1395434669256184,0.2859285174878487,-0.3485626121453628,0.0535342180665011,-0.6862252538247438,-0.0154096920545113,-0.2527378413980173,-0.3927355393242393,-0.39811616299541,-0.3591816699963513,-0.5630725066262926,-0.3403587916079553,-0.3544419822761779,-0.2518608275617784,-0.3326598748938915,-0.2914526077332133
-2.082783546982206,3.5215370317104897,-0.1728364823189914,1.274950388837926,0.1574657421365938,0.5523170629483392,-0.4294703925341973,0.0526973560275538,-0.3371122592627354,-0.11355616504212,-0.4983778087201149,-0.3360375810795043,-0.3588462781402397,0.102294767596451,0.0030038084377219,-0.3796391589996728,-0.261650642021401,-0.0198165889341381,-0.2344770379478732,-0.4396622157118815
-2.574024914673718,3.510399065104582,0.3546318767746023,0.4998893324785947,0.4723369031111573,0.0119687358408389,-0.0350818859300242,-0.0800071841236332,-0.0489371321922072,-0.1099919037278659,-0.2520767610240022,-0.0822620986793389,-0.1797585312645364,-0.2214353998329716,-0.1401748092433045,-0.2025290219964663,-0.2717984269212903,-0.1795917341170892,-0.2153204556012354,-0.256235653982089
-1.7199815741624624,3.4883393673183822,-0.8469932593229791,1.607009382791062,0.0158270044760541,0.0683561980749306,-0.1820173841658761,-0.2029819372830842,-0.8427110965302257,-0.5525363161121009,-0.28044184320845,-0.3729139434356944,-0.070584957102274,-0.0371387656639355,0.0024460005877501,-0.0545910918197331,0.2935643857327987,0.1183328055755895,-0.0445445978233887,-0.386438377926363
-2.6432965256475023,3.1338284688014846,-0.6819903491453257,1.4794333579167682,0.1174922321892726,-0.022537400220488,0.0624831558358425,0.204982900483914,-0.1322999778691059,0.0225523479314617,-0.1476288214730745,-0.2986112421015002,-0.1640393641614852,-0.3287249798271563,-0.3356195865141608,0.0583930349217565,-0.0333686507891854,-0.2692341301325682,0.0990965878844644,-0.12091105808341
-2.7145250600624107,3.289351281381114,0.4513070713772972,0.7799467345412809,0.6322193728800727,0.0725507430383718,0.0977144816513009,-0.1398824765966672,-0.05693024677276,-0.2080420544040745,-0.2768820236355388,-0.1918558786213453,-0.0872303479403787,-0.2548443490391138,-0.2380579539204248,-0.1515350834230609,-0.2225490557832877,-0.275545611499073,-0.2623709065194439,-0.2428386366518584
-0.6836042592434501,3.5359304522151995,1.0009933468146552,1.5711849837366254,-0.3757003916117102,0.740094549355124,-0.1086137667409852,-0.2096898346948806,-0.5289486196836596,-0.433912917761571,-0.3365782189899517,-0.6065916085933525,-0.2073401381011677,-0.6711453465751789,-0.286434644668512,-0.7300462307139247,-0.4351683603982793,-0.4196825873231093,-0.579795843871271,-0.2349505631505988
-2.505849661235745,2.8204790295093023,0.105473889593592,1.8175579343269883,0.0709284196017563,0.1795949766673131,0.5981677873981366,-0.2689665389332679,-0.8478505288177536,0.0356367809262277,-0.5682905132385612,-0.4853565034573072,-0.5718375490112338,-0.0551642436518734,0.1134810547480453,0.2931778770204934,0.1073485849097918,-0.3257142129292753,-0.1403929718095166,-0.372423611617111
-2.734725183397686,3.3768667746162535,0.3360303584302942,0.573473165771376,0.5460174678831324,0.0239343933213621,-0.1106198824307781,-0.0480076754546017,-0.2436487717150933,-0.1995215171138973,-0.2446003871741686,-0.2251508744332934,-0.1293503385593979,-0.2224882838943871,-0.1023012815461406,-0.125776105954234,-0.1334092260786793,-0.0651532345021012,-0.1051238855165659,-0.1664455122513933
-1.93773185199817,3.6013479262023544,-0.2738227012795978,1.350540028964456,0.0968831948556941,0.0835096336609635,-0.2891379412174459,0.0846037310279412,-0.594554867758951,0.0629524631063003,-0.4043308995971321,-0.310779042758676,-0.5470163733830603,0.0444039395155912,0.0087762215599381,-0.244524716644682,-0.0374499105054198,-0.5242687849793151,-0.0954324998308776,-0.0739675489399048
-2.3985261532268995,3.469503406447443,-0.3220947542527799,1.167556007724757,-0.0023668125370554,0.2737352185534116,-0.1495354213459891,0.16378483613463,-0.2565182197005129,-0.0226301726111994,-0.1947497127145293,-0.3432384131340421,-0.332673023471655,-0.227658280082614,-0.1334113493528788,-0.4227989576077465,-0.0349184022303667,-0.1874612262368728,-0.018903198149589,-0.0270953722055103
-2.52006983858349,3.4130881322838027,-0.1566023936858834,1.1788791998896513,0.1406126019163191,0.2067633184615584,-0.229510144264786,-0.0835841747014504,-0.4239702830593553,-0.154336045033672,-0.256008890253696,-0.0487753506000446,-0.2163821667674653,-0.1744905914908868,-0.0940271213042449,-0.2182214108346092,-0.0207109868926483,-0.2118919803399677,-0.0178606625320693,-0.1129012122070593
-1.9430534859310944,3.4504569331586974,0.0636938239706237,1.569041219926957,0.3204395442953537,0.3914359751665298,-0.5952081346497075,-0.1000106584598918,-0.2754195701209659,-0.1870940845413928,-0.3919678578109491,-0.1259264623581963,-0.3087901221382878,0.1179267246567407,-0.0653522612218237,-0.1240943249680989,-0.4306594060020708,-0.5322039027766164,-0.4784467927966236,-0.3547671573991799
-2.593429155921032,3.3636769193580873,-0.4182228053694757,1.0827751707272923,0.2858929299562209,-0.0426288378568541,0.3373178810773237,-0.2266078494233957,0.0363160885960132,-0.0282397039903081,-0.2330851678585314,-0.0533861220640823,-0.2276721129091242,-0.2185815109277156,-0.152378411945919,-0.1305578172650467,-0.1426571032337491,-0.2412310086821452,-0.2585013682106753,-0.1388000140568811
-2.232826453909384,3.7012188739156806,-0.0760130538149626,0.7879637043654543,0.1279970229878254,0.0263516483521336,0.0081919672875951,-0.1761114735657234,-0.4712465858477963,-0.0244599870036665,-0.2776259553470945,-0.417193480568456,-0.1255698446971413,-0.1557831623997068,-0.058664257557192,-0.2566984679374781,-0.1043769408917776,-0.0070165107033844,-0.0613444383036171,-0.2067926043613107
-2.7181238201721496,2.8556031881824313,-0.1566753140282687,1.6840852773574964,0.5322582710643288,0.459272831940757,-0.5516622217829289,0.0780324217047903,-0.3167713447723436,-0.2511164652743203,-0.4055898823120686,-0.4180404374420199,-0.271471711940796,-0.185116260966314,-0.0439878903252619,0.114316749583039,0.1392258568772445,-0.0810039192662307,-0.3603045522223314,-0.1029307762050567
-1.9834874763976515,3.5829759356513713,0.0619910398353185,1.2555316352373591,0.1566252560822163,0.5824661434033073,-0.3042718012386923,0.0151119284691317,-0.1140568330431286,-0.2809578411979253,-0.4088613884397978,-0.0687374919565409,-0.0484424283139799,-0.3379569343735274,-0.2475882013362206,-0.3355557617707721,-0.5381124274384735,-0.2185278192127634,-0.3360662286572847,-0.4320793053019465
-1.423442389416318,3.60028191109031,0.603547161430276,1.3630732326237778,0.2580771725422719,0.4714419751527861,-0.2446398966072922,0.1153016696094666,0.073204130510718,-0.2338229628981882,-0.5276221932959871,-0.2761572618320558,-0.1081032903993919,-0.558888255010082,-0.5065325834252444,-0.2901558996371899,-0.6328698119958723,-0.5259992431359781,-0.5476696797961461,-0.6090237855098598
-1.9777424639684376,3.819235090301785,0.5567394287601599,0.3001541732549377,0.0964964531589572,0.2774087248676173,-0.0920307009470896,0.1418603632489504,-0.2237573566312746,-0.1942422877823546,-0.4101810511196543,-0.2329383717867791,-0.3705195236898497,-0.3396875623517007,-0.1530586868701089,-0.0548954931238333,-0.2586537643390556,-0.4891300819895108,-0.2795697712672849,-0.1154871177254745
-2.303810278479352,3.246547879761017,0.2069667269146672,1.60621880820099,0.1578649159852033,0.3566233715358161,0.1967127000009441,0.0292691581641909,-0.58715204642928,0.0116463696683698,-0.4790254591552362,-0.1927233709495668,-0.3843996852803753,-0.3862263310478584,-0.2388158634683154,-0.3515009563362434,-0.0838519875727471,-0.3190626610115272,-0.348388122860582,-0.136893167640112
-0.0800422606643222,3.889905344457744,0.6238253152648752,1.1143151099990385,-0.2332682126055192,0.4006322876305138,-0.5529787670912403,-0.0669187946097864,-0.0535217473503275,-0.3151735369336161,-0.3517659641391446,-0.2066826039286947,-0.4704378470230689,-0.5814655919896184,-0.1441134129549681,-0.6063194482017088,-0.3895091789887161,-0.8022646711552547,-0.5371579589917986,-0.6370580607243901
-2.9769268229144905,3.1815255335902974,0.2167913304180344,0.3318413924022472,0.7413652945927486,0.0040995868286051,-0.1322051880950936,0.0651372894594653,-0.1030235267008815,-0.0991273266632901,0.040404956550708,-0.093916629459065,-0.0988003961385831,0.0483123392052217,-0.0714108667461762,-0.1346414131364655,-0.2114456664179906,-0.210176152723535,-0.3134016367505746,-0.1844020973011823
-2.3527246355917644,3.4042250665307225,0.1442991644981841,1.1416741763862963,-0.2507467504899101,0.723399826945975,-0.3457189789703441,0.096037690141917,-0.2913430505714642,-0.013053100751683,-0.0733544215512457,-0.4647075305865292,-0.3861447323236754,-0.2208076432900491,-0.0640875575822183,-0.3598337143978825,-0.0701821925428375,-0.3909403515314935,-0.0245708309044018,-0.2014204334176007
-2.213904695037548,3.174503990920714,1.0588106537856137,1.541040748900936,-0.0253267203664385,0.2609857775810871,-0.3477098453259369,0.0239247465146265,-0.5681379759403224,-0.184784770271509,-0.3357266461917585,-0.2402145881690178,0.0032874322414365,-0.3641124589865423,-0.0397469251698819,-0.1307292927164071,-0.370025681354254,-0.4726956469106733,-0.3900266053690666,-0.379411498135057
-2.7019175525825276,3.2647787011236646,0.0364020686938393,1.0801624918750856,0.5157862626185874,0.2484755057031537,-0.1134825059511881,-0.1169230487690409,-0.3321340050522094,-0.2516265760738487,-0.2560227265509711,-0.2769520440780241,-0.071147221612017,-0.0451152611422758,-0.0980766480606433,-0.1401787440004319,-0.1879252011157764,-0.2323263505384188,-0.2730347335602786,-0.0487424109266778
-2.089918044876707,3.403410055810294,0.2953398386969109,1.4127663819167804,0.322910819761839,0.4452654988461758,-0.0260274460581347,-0.079673395209491,-0.0584920210267884,-0.2872567465337788,-0.4591864181564311,0.228486010416711,-0.4105125825680644,-0.357217985688705,-0.2108656382883662,-0.3736172898714306,-0.6202911616522118,-0.2903650484117308,-0.447837747195959,-0.3969170799109115
-1.8019481489697335,3.8275905614918626,0.5396116593436464,0.7554317149227444,-0.1724085664677592,0.2757294424767374,-0.2868544712962335,-0.1045497536591933,-0.4186325364441814,-0.1299198469950348,-0.5380590376005685,-0.0169737407437515,-0.4453474731439655,-0.2766042633458877,-0.1476705452023572,-0.2905714452943809,-0.2039103714477362,-0.3121265322050697,-0.0641664739668322,-0.1886201714523055
-1.7420555925712715,3.433384372168099,0.0384769818646433,1.766361197860945,-0.234292189164619,0.6888981338985511,-0.4293437794583908,-0.2112088672671349,-0.4235499964546424,0.0695046550172864,-0.4475000442815749,-0.4297634493856861,-0.4011074009449847,-0.3640196040828087,-0.1606909064968509,-0.3936345165474128,-0.2097141357699181,-0.3552862808609508,0.0826623637922895,-0.2771209413155689
-2.3099105202583337,3.623407523921602,0.0539228775997924,0.486694572397862,-0.1196966146293741,0.2055244353885868,0.2572489854397897,-0.5969533778598669,0.0472561523982908,0.3757613668879512,-0.4954733172993679,-0.2206960466440553,-0.0577842647142522,-0.3430322135929142,-0.4019711717163264,-0.128215090893826,0.0217223147144815,-0.2591380072849853,-0.0342981174125284,-0.1043694864425221
-3.3087020168013774,2.812085970449709,0.3835236301588542,0.3629621300675572,0.480638250908342,-0.1746574482815269,-0.2052988946725415,-0.1225648837134988,-0.3467631457308602,-0.3475964223999018,-0.2731200793312267,-0.2519194013141954,-0.0501919581517883,0.2346607965979863,0.1281760732149771,0.1155334582885046,0.1334225299683614,0.1666078183362022,0.1164738071998574,0.1467297852065648
-2.2724214848723627,3.1148477176422147,-0.2744313670861332,1.8382670545632351,-0.0428721496138256,0.136313678590459,-0.3210899996957086,0.2136937195630949,-0.7573576698150482,-0.457792659123961,-0.3279401580471717,-0.6581080991388156,-0.1579231673378263,-0.0164951997240758,0.2570197051905896,-0.0390021360202175,-0.0640840175967269,-0.068463656029456,0.1482719573580041,-0.2504320688062674
-1.7418333578538194,3.347855011945942,-0.4788814014044669,1.948236833456798,-0.0016317928552455,0.2336667427073059,-0.3487456948910877,-0.054578581035111,-0.640005334546708,-0.4333404449985544,-0.2603839595870183,-0.5935176927006153,-0.5267998872925421,-0.3873712287892034,-0.1374194393725115,-0.0107156154749688,-0.1587528451929328,-0.0549069418278955,0.2410542689642228,0.0580713607484144
-2.7305483825997294,3.3794545884289433,0.1975275062987309,0.8095184434783927,0.2120454611962892,-0.0426262715208538,0.0048958118917131,-0.0432432822535824,-0.107226001637344,0.0953295388592774,-0.1289321951195184,-0.1187564364959309,-0.3137322807111991,-0.1726232197363572,-0.2331951001682106,-0.2162270525659135,-0.0621211747252796,-0.1776429282328345,-0.2104188050842499,-0.1414782193023393
-2.75136510053625,3.3152090640566,0.2593243135902377,0.7884449688407109,0.5164501588682193,-0.0838541040668801,0.2517407017854293,-0.1607264715359582,-0.1715898409674134,-0.2029137277254534,-0.2041983445024502,-0.1532398930453423,-0.198556710669614,-0.1314623776289302,-0.1722267208634973,-0.2225981839836264,-0.1689394881948938,-0.1576289753445851,-0.1920076257074222,-0.1598616423688789
-1.109467000243728,3.4461080649504217,-0.6234869644580154,2.1843158438317367,0.1901482799787841,0.1125151742163915,-0.5565322099855986,-0.122646497060638,-0.4144808058670511,-0.4889029215349402,-0.4859701299270393,-0.5119728382634827,-0.3379958441223534,-0.0034889420409096,-0.4181402209716813,-0.1524179326320136,-0.1429017339001416,-0.1850165141762215,-0.1133176183059294,-0.2663491894875932
-1.7772175288746237,3.03507480918938,0.5632904772251826,1.364772122491765,0.1155788051080612,1.5619688959696771,-0.5841570526388262,0.7087700541067284,-0.4672295801568016,-0.2470309366973257,-0.4688048314610574,-0.2997222540464018,-0.515690591752259,-0.504292200618081,-0.4316200467059611,-0.4265901301313649,-0.340161535233442,-0.5017754619917654,-0.388749758475601,-0.3964132553072876
-3.1316765479578876,2.656737109099265,-0.2017607284573565,1.2705586313257586,0.1446329037721314,0.6030209934350734,-0.2687356136009931,0.6556291135155767,0.119193947123285,0.0813531651271923,0.1127286328769534,-0.2686939216477387,-0.2382920083204343,-0.3110774937528875,-0.0757283287447367,-0.2718116336661375,-0.0532313915885366,-0.4016077572958923,-0.1887099410464576,-0.2325291301961793
-0.832048512537911,3.2231363746117903,1.129069700597835,1.8853338337570784,0.1829024582565085,0.7802466595046292,-0.1900230628809444,0.0376139208111546,-0.3923179730068876,-0.3326418920991525,-0.3798955095217689,-0.3385591883572461,-0.6483349646057445,-0.6103912296916214,-0.5704523854262463,-0.6402588876338436,-0.6771778735286323,-0.5266657252717052,-0.6442065462697161,-0.4553291967075777
-3.012729804315807,3.181393060294247,0.3687910345169516,0.3005625059725315,0.626431024198091,-0.0795065137480024,-0.0176314696840044,-0.0519850709995299,-0.1815471761910044,-0.1139944851398517,-0.0895278614056519,-0.1325668337248698,-0.0374155618205511,-0.0873335228779529,-0.0604942146108861,-0.0751693013293043,-0.0446807413102322,-0.1807827983364845,-0.1774658745472518,-0.1343463949404346
-2.100928302688513,3.8124913511395784,0.3184774506762096,0.2593781253682131,0.4250213492100628,-0.1508797650557678,-0.1731412955619765,-0.2063474403566298,-0.4111783999663768,-0.2073595433765776,-0.275977535070864,0.1312633321634693,-0.2798750095559004,-0.1351158260927986,-0.1805993090350964,-0.3141267690459774,-0.1903798382826276,-0.0685184749834138,-0.1147012012735916,-0.1375028982114235
-0.9944596383892814,3.3585084601578172,-0.2398387195615316,2.3158828826639657,0.1415106772978133,0.5134404270136445,-0.5466126224125084,-0.2562527154389084,-0.2285322681615531,-0.3462472131415947,-0.4292066420017212,-0.3153989612009898,-0.2551385608509748,-0.4427656241926866,-0.5494174457357869,-0.1585512571732722,-0.4423246716748135,-0.3997930641199434,-0.3475989778030946,-0.37720406527458
-2.113840944172523,3.3882963790070475,0.6772453885423457,1.4934316079898102,0.1753766194747735,0.2319867375369031,-0.1675774828785011,-0.1372443891554209,-0.0311527225126055,-0.2512643038025212,-0.4624583854566923,-0.2384215062887729,-0.2760890720707084,-0.2932865044935187,-0.2060771727905126,-0.4553269263186574,-0.3399781187253929,-0.1726309686283885,-0.3841787520068547,-0.4368094832498104
-1.932465711850985,3.4567901734543627,0.0189983674516999,1.4993485257413763,-0.1303537499389847,0.6829513964170624,-0.2272437496974978,0.1321791787234639,-0.5233524448162562,-0.1740113652486035,-0.2561446866627517,-0.4238963475321061,-0.4892671315577553,-0.4576145534178868,-0.4186251111161818,-0.3051343544388189,-0.0409708434251757,-0.4870106535958853,0.0966030692597496,-0.0207800077488251
-0.6782367802388876,3.807439048004916,0.3656736245502004,1.4784618199486896,-0.0928347312862439,0.3430367646925378,-0.3917503286166003,0.0002660769666325,-0.280930988400889,0.1599664298728867,-0.5119794765730548,-0.2042009698530214,-0.4954928264853909,-0.4498073105515254,-0.584529594995107,-0.6064469500354054,-0.4234542653542868,-0.56949049378028,-0.4254755371715011,-0.4402135106936728
-3.223234085385956,2.9791356926237103,0.0074319345926073,0.6383394249863309,0.3285690729917858,-0.1347201834058199,-0.0632724633526001,-0.2330643013162519,-0.216572364424212,-0.1108988184817358,-0.1015320558287027,-0.0330038430202511,-0.1573936381890802,-0.0597876800482166,0.1099023178154967,0.0366075595007545,0.1102736784159427,0.1353953790347482,0.0114926054300742,-0.023668231938622
-0.0963130649799825,3.48810875378575,1.364948756809389,1.5043280783566533,-0.3877208032399423,0.2171400007249092,-0.4697374477190105,0.2055978363872927,-0.425370032959046,-0.2731077089566391,-0.632612891246973,-0.0572357056548011,-0.5886838244847838,-0.619199381669597,-0.3477016650194808,-0.571233697449012,-0.6688137819787809,-0.4445044489404641,-0.4596540747475778,-0.7382348970179045
-2.798063841491672,3.3503746035204403,-0.2229666401821544,-0.0312397300658237,0.850751046735031,0.0251467132617124,-0.1987745552457083,0.0195911589597883,-0.1350752422051139,-0.1651620642717466,-0.1785975506899963,-0.0967002326086878,0.0169378984800638,0.0443465244486316,-0.1086127246359899,-0.0933350463893083,-0.0636017351387884,-0.1067201849961743,-0.0532235984284225,-0.0550747990560821
-0.9383385724437524,3.5442143640752746,0.4004445525300911,1.840919500502738,-0.1121481089679018,0.3757103754296019,-0.6987734333212657,0.1190899778610281,-0.6253337794620012,-0.2074907343735469,-0.595711390019279,-0.2214691922824601,-0.1870270529232918,0.0754651030647144,-0.1099902063478785,-0.4768495890660258,-0.4469008976925935,-0.7072814567325245,-0.4620832058934098,-0.5664462539375197
-0.2541570681771971,3.3276474674954746,0.7897008645132884,2.1159352600197905,-0.3038169357755776,0.6543900458773133,-0.3426429940095298,-0.0518101499246422,-0.52016338998491,-0.3017260518381828,-0.6807842193792322,-0.2740368124587703,-0.683575507739274,-0.5758259253337613,-0.3906988776737032,-0.5118427825540239,-0.4423212706936517,-0.4573869309713443,-0.5303178563369106,-0.5665668650551589
-2.3152359088587144,3.069490007076605,-0.4245781902916428,1.9326662652786792,0.2015254669560529,0.5250319538147401,-0.3057979932585822,0.1802666606639546,-0.2980120012217206,-0.4298817144460246,-0.2450158116467416,-0.1538319482798349,-0.1507068708206094,-0.3320337636900227,-0.0669414096095603,-0.1410306760965141,-0.4759448686203675,-0.2745098456101659,-0.1493377980284932,-0.1461215533110371
-1.6163852634115927,3.654773369934732,0.7850480694940799,1.070388831666225,-0.1889621471124246,0.4945490579443778,-0.3521301289614242,0.1636306255509836,-0.5604158011211386,-0.2677062514048551,-0.6478924233840464,-0.2706413268317545,-0.5857870775219078,-0.4000875307316011,-0.4103884274464884,0.0156876424092804,-0.169137279230737,-0.4581348746847292,-0.0420401867080541,-0.2143688784489199
-2.4837483084509353,3.5288783636246497,0.2019026946512005,0.8546621964965329,0.2256347600134643,-0.0444701665803512,-0.0329176139615067,-0.117590042279451,-0.1227310665802907,0.1564541757038196,-0.1488455916591718,-0.192461145142223,-0.2784645848071863,-0.1711091784177403,-0.2333128122443102,-0.2707400343142468,-0.1641003158929369,-0.3010566800822208,-0.2565236038679936,-0.1494610462091012
-2.5402781859387833,3.3748800178456317,0.2757330304882735,1.0098408886323362,0.2480731526087603,0.1712765927851084,-0.1024745462001473,-0.2487126114867129,-0.4272770931098609,-0.5231859482076322,-0.3518645489916081,-0.2336433081823305,-0.4602564655243798,-0.1648109323764844,-0.0074499295513997,0.0059828405772794,0.0299714614828851,-0.1244884886624654,0.0872468528359449,-0.0185627790244116
-2.9465088402640163,3.2921247367009876,-0.0075996278694063,-0.1700531289595967,0.531681256977485,0.1148364530642241,0.0676141021778407,0.0595487405257704,0.0228285684055233,-0.0416551195242281,0.0198396796817882,-0.0253628759994596,-0.1163037095328693,-0.0617795686141045,0.0263807898319475,-0.0999018302308696,-0.120102952071371,-0.1484682829360089,-0.1843705938461425,-0.2127477975174956
-3.4713500479132784,2.6128242370016936,0.1932542413215554,0.6301059073821729,0.3144167573586793,-0.0489160282798403,0.0754645287987741,-0.1965010645101004,-0.3616023216530338,-0.1841531923065111,-0.1794387662153478,-0.3602796478795236,-0.0797623845092617,0.102875906622521,0.0800662915938967,0.2333841894870744,0.2947460352496419,0.1698280389112037,0.1483915721483142,0.0266457473913708
-2.0986376669759603,3.536652989152574,0.516594442760891,1.04956602195174,-0.4445480279755304,0.4661182981577563,-0.3140015486364783,0.3310887302273179,-0.3015074990081118,-0.1106066644785751,-0.4801751600337311,0.0029577671864883,-0.4387869266223549,-0.1089448960440289,-0.3144680490691661,-0.3308015373825596,-0.4238643336320635,-0.4011087064087171,-0.0735815653267596,-0.0619456678427337
-2.6437070196182177,3.1831502025568783,-0.0835408097063407,1.2018548907383406,0.0292782116555481,0.4528610950004028,0.2917826877064584,-0.0149094148265574,-0.3997805789867834,0.0724265829470796,-0.3109146978116172,0.375439959408636,-0.2859727683884806,-0.2836939944258993,-0.1276234451469227,-0.545136909568678,-0.0940151882732512,-0.392612364414432,-0.256987708113519,-0.1678987307326473
-3.1584577249816994,2.830343633563227,-0.3781891775272211,1.0699171365657567,0.5101207806566701,0.2800578353846752,0.0658587221138841,0.135078885150486,-0.4452730903739497,-0.1448155537320026,0.0342929078684134,-0.0445071364123501,-0.0115713072340537,0.0796506916925957,-0.1473758620228965,-0.1307676801686712,-0.1403994161893272,-0.1032519719767409,-0.0478144639697324,-0.2528972084070627
-2.137594129033682,3.797130559785795,-0.1645567618271085,0.3547620131689951,0.6187719658093789,-0.13378483438616,-0.1475842788954328,-0.1177091754607989,-0.2177669602415943,-0.159394612426117,-0.2447781354812424,-0.1636484784602896,-0.1030588304184638,-0.0510474428514505,-0.0236708069254487,-0.2312342209462181,-0.2350591868613354,-0.224414937896323,-0.160342848698478,-0.2550188979540236
-2.1487246322136273,3.4656813060964717,0.4338193057196104,1.1885126419940613,-0.0296762654886899,0.2037280142759457,0.162025065860852,0.1702835422628161,-0.0236103249576648,-0.0149116043390107,-0.2618255920814253,-0.0748353681471241,-0.2165919646962782,-0.4167228351126448,-0.1310883288883952,0.006966325905741,-0.4870535247347601,-0.5583886771946556,-0.698972690006697,-0.5686143942545261
-2.13660587089533,3.601072251751267,-0.0580287449071476,1.1157204882868887,-0.0018703389360054,0.4447977679017663,-0.2333325992384587,0.1422815715620286,-0.4072164455602124,-0.508004552920871,-0.0684573507943247,-0.1792387004844909,-0.1023368603568151,-0.0524448859269623,-0.4145373343446762,-0.2318751698961472,-0.0812329984539396,-0.1954890830598502,-0.3451815630187226,-0.2880195807079955
-1.445760044448553,3.5710891382038903,0.1584036595826729,1.7287607704526442,0.024756251004598,0.3418299186448784,-0.5674492354524567,0.1703881778525435,-0.5015231144119965,-0.1537796921066163,-0.5001264065329422,-0.5995031537954982,-0.3868486658305328,-0.1660214385924055,-0.3885711865040024,-0.2738752782068422,0.0374922197893948,-0.3204986613352345,-0.4574302234701167,-0.2713330348434254
-1.9609240414934597,3.758284076002735,-0.205360008215605,0.9687400932893436,0.3015439647120583,-0.2066744597604363,-0.0094932616780975,-0.2975309620008032,-0.2544600736833972,-0.4625373556162881,-0.4108809328406868,-0.0265669526990943,0.0192813437495241,0.0567191121232135,-0.1079468152104763,-0.244038200677824,-0.3109812650466695,-0.015469811252506,-0.1690289006118884,-0.4226755490896434
-2.18053954802422,3.497729892912899,0.4107036503687212,1.0770418837656617,-0.1608996279601149,0.6612350028703774,-0.434589044231102,-0.2031496660782624,-0.4153340605608159,-0.440844086348746,-0.4284045593153103,-0.4250283256749965,-0.3998517619726929,-0.0919437407755126,-0.0685005869311109,-0.2314223287296591,-0.074146241238107,-0.0542045533288136,0.0869440197167152,-0.1247963184649078
-1.9120911050635097,2.873835511612982,-0.3135992549140598,2.3948354809488017,0.0381654526977877,0.4415648426206373,0.3300719233361349,-0.1217989332060601,-0.6577200348169413,-0.2599103038622404,-0.6158513051807377,-0.4756370935501445,-0.7717009034993636,0.0667758758594213,-0.1995107568967951,-0.0183398970731401,-0.0664325563938195,-0.2763834340266622,-0.244081852749916,-0.2121916558423723
-2.9292313663972016,3.320232006592555,0.1143148623672251,-0.1835836143659749,0.4541936407346398,0.0169331971936306,-0.1956953487249208,0.044368445357083,-0.0948016644652534,0.0043354087331104,-0.0794227152840836,-0.2452395785177632,-0.125064896078103,-0.0264147109043656,-0.0477791222860155,-0.0363634675999576,-0.052789960843321,-0.0173441298661631,0.0540228955696157,0.0253301187852651
-1.654743341403744,3.515795419960274,0.6730325368471052,1.4501641186100165,-0.1196874486564066,0.3236003515833839,-0.3492927925204421,-0.0635160464974148,-0.7840400538029827,-0.1119661791482688,-0.4579628701703993,-0.1545101387933428,-0.5576616053672133,-0.3172257934645027,0.0309238854037453,-0.1397349002470048,0.008341819721052,-0.0376376831957722,-0.7254892425215931,-0.5283900363364945
-2.6927767909589018,3.151630067895501,-0.60169134122382,1.3373450397228053,0.1172678660592944,0.0715539205670383,-0.3431166073775897,0.2333943050244738,-0.5342351804563961,0.0501037102821702,-0.30700329057855,-0.2025369494325449,-0.0216408951861423,-0.0593466307877809,-0.1295158697483247,0.0662475866320612,0.005780605552534,-0.0958592658631973,-0.1121808221464441,0.0665805420238137
-3.222297228833906,2.870908428518093,0.4674811093105649,0.8804310057403776,0.18888889611236,0.2885722071289811,-0.0076486928365053,-0.1224723459761625,-0.1398977477751825,-0.1888160638641014,-0.1326278358813484,0.0290684787260676,-0.0109617561012357,-0.2152371364357291,-0.0903969208431293,-0.0829691806370129,0.0058220499603849,-0.2929148890513136,-0.0939443792961672,-0.1309879979650326
-1.9534224163396892,3.3537531287826594,-0.4561087082690923,1.7370032002464286,-0.1577268921124523,0.0632725162666044,-0.1470901853078308,0.2115663027416645,-0.1469813309768454,0.1028644751133419,-0.8376474057357969,0.0056953054162232,-0.0440740944488945,-0.526755754316954,-0.3634447520726182,-0.0071509199660386,0.1790097378129203,-0.206501094182728,-0.5913395604820814,-0.2149215521688148
-1.7635703362611383,3.666784128979375,0.6925244729730266,0.9507544045098928,-0.046624133671353,0.3760568207853935,-0.446233423107508,0.2031223767259383,-0.6121291090648361,-0.1415162163550418,-0.6189162238613266,0.0265688456704861,-0.3447271895790616,-0.0428630132967851,-0.5027279750309647,-0.229235578431573,-0.5316731599547799,-0.2742701197361847,-0.0235229609772697,-0.3378016103162884
-1.915678837201076,3.4956588742248154,0.0766911843909831,1.5905775549719765,0.0879616051714487,0.3230032287112733,-0.189243028590244,-0.0149316563340904,-0.4592036390620519,-0.2587214537921627,-0.4527910936205511,-0.4637306072441357,-0.3256354175439267,-0.5514061654475185,0.0111029887526721,-0.2069473206558168,0.1169538249937376,-0.3430837994862271,-0.1938496408613936,-0.3267266013777136
-2.656658388720899,3.2620333618448267,0.8319327168483143,0.96147423010606,0.1387064837420901,-0.1040719371118896,0.0016141816449712,-0.3533053446292512,-0.3088532052021253,-0.0651148958879525,0.0434684945474441,-0.1880399451123275,-0.4279075616038515,-0.1545933126663713,-0.2715990899954018,-0.1816808437285065,-0.1057201973000539,-0.1975184509672436,-0.0679823059042668,-0.15618398990357
-1.927660916654546,3.30960494931636,-0.0251367332533064,1.975238701633269,-0.0281665649696034,0.4942140500747832,-0.0459364881721607,-0.1540296676424563,-0.3587770836118633,-0.2856612326803357,-0.330463346936333,-0.3281591110826643,-0.3651874209702547,-0.3408508529615595,-0.1823320675855552,-0.2597170305375371,-0.3034893915977031,-0.1869723676190634,-0.1912666948717704,-0.465250729877706
-2.534749811264925,3.3974906836651875,0.1464595942090631,0.8080019997623541,0.8752813159112416,-0.1143229154282724,-0.1476680353649171,-0.0250482295184361,-0.282742648649988,-0.1877514086553393,-0.0443904022770625,-0.1221663017286133,-0.2098261403124507,-0.1494701089532918,-0.1787223468470231,-0.166339348074349,-0.2295046361629783,-0.1891766532517307,-0.3490692890367768,-0.2962853180216906
-2.667740639673843,3.511436928869407,-0.1639092257139257,-0.0436825138417885,0.5830545144980771,-0.0416234397639053,-0.0533976202813977,0.0301629292951919,-0.1271555605938866,-0.0477575148009882,-0.2592836171448878,-0.1461411636895956,-0.0989448234961344,-0.0505330182543966,-0.1587536082518416,-0.1265136976302379,0.0242717334683703,0.0007128373907767,-0.127336732341338,-0.0368657680436577
-2.5398793170786007,3.578600424313284,0.0932146243319553,0.092384589257071,0.6490019859983339,-0.0683370734014318,-0.2423291752636684,-0.1555015246789171,-0.2582864048639428,-0.2054765071607395,-0.1136095696265565,-0.1464604552077931,-0.0579878859322055,-0.0290879206390334,-0.1186990566230656,-0.1519433913798091,-0.0906202657180764,-0.0383230107694959,-0.060009068480925,-0.1366509970763802
-2.647914325703941,3.404106815129786,0.3078359514435946,0.701132380816117,0.483322920735615,0.0075131276940582,0.0213444229099189,0.0210477965684225,-0.4755509061910178,-0.2031543843382178,-0.3200359809446279,-0.2384790768330157,-0.1034948612470128,-0.2008109952887621,-0.1393413116956923,-0.1736044354370474,-0.1482695359281035,-0.1106763958755578,-0.0695276471935448,-0.1154435586209711
-1.6809325773545445,3.766704640536284,0.132714856476661,1.2814896598582657,-0.1062078323356005,0.1687744449239876,-0.3475301255036075,0.0536284177882741,-0.4889919973214728,-0.2460586410529028,-0.4829997455437405,-0.3618999750633893,-0.3063909503808226,-0.1497188134709642,-0.0916439168170636,-0.020904295286421,-0.1885999228654661,-0.471282558866965,-0.3027496721846507,-0.1574009955358632
-1.6163672716219544,3.5262958556597113,0.0874073228307219,1.6396875687386196,-0.0651650446796647,0.6047308525532568,-0.264778334839859,-0.3054735995096307,-0.7196757786663054,-0.1820937825405489,-0.4199423130058526,-0.5676000977155615,-0.5412292258960789,0.0019565591029008,-0.2529477362873064,-0.1222028418806556,0.1153063732402182,-0.236247423078794,-0.3482582035221837,-0.3334028788810342
-0.950174797129837,3.0432260435469933,0.7787469097261979,2.227348289359219,-0.2019684050981005,0.8303469335537561,-0.5999540512177775,0.3493482509871283,-0.7534864893578176,-0.2107111498322618,-0.6354664897341423,-0.4455675035432292,-0.7711108770096707,-0.3518375541963389,-0.1097301303153771,-0.5299523899844102,-0.2384478463284031,-0.5508055520632262,-0.2360540586635565,-0.643749132699146
-1.027895422148053,3.5827992920119365,0.2871652239789309,1.5826194810222822,0.2817840195773972,0.7761059046584113,-0.3461413579458811,-0.2825306416021366,-0.2323254185883451,-0.1700086980304314,-0.9022305031780388,-0.4140972097573703,-0.6324324277431174,-0.4371231497055809,-0.3645120120438322,0.0219434907805122,-0.1639855229681466,-0.5202606687680567,-0.5845799034713838,-0.4542944760790952
-2.1357892936284113,3.266682697956364,0.3464266512286393,1.794560088288088,-0.0499699430872524,0.2086810443924075,0.0061360540324501,-0.0865177108252899,-0.543933181927942,-0.3008448648463889,-0.2009704352508006,-0.6452611658467484,-0.3747251520197899,-0.1635008271985556,0.0576452991093376,-0.3556670814072835,-0.0637389364075945,-0.1196126039651341,-0.2485496559893946,-0.3910509826067044
-2.253699605445597,3.507818066723246,-0.0053311792838089,1.266312533413411,0.141236491749503,0.4195639405181534,-0.0966507974453312,-0.0550313975630653,-0.2009672963209854,-0.236217599615,-0.2713556837516434,-0.3236263921313659,-0.4541965788596219,-0.2013996478003369,-0.1723645393940622,-0.3568250790534499,-0.1577216977769796,-0.1740839542896226,-0.1902078450030707,-0.1852517386703718
-2.343992455330434,3.666739353056048,-0.0004084744273859,0.6018528829616796,0.4071468541888542,-0.1464659555578511,0.0017767083072933,-0.2477023074438692,-0.2066533127337341,0.0567981278282998,-0.2874102419446757,-0.0718553360228863,-0.2195288991568841,-0.2802807651999969,-0.1575497349717611,-0.2180987604174986,-0.1637501124841356,0.0056001519297211,-0.1215059626794089,-0.2747117599013742
-1.5933939355850353,3.5978492854957658,0.573092547272378,0.7788013798236845,0.8850740516318776,0.6828738465576207,-0.4075032577983,0.033100585995719,-0.3206407367248944,-0.1197438836714842,-0.6823302597195814,-0.3895849584699705,-0.0200044013747808,-0.289119888239393,-0.663800010891666,-0.3792859039049645,-0.3946564001473036,-0.4449160386822646,-0.581651913332698,-0.2641601082347126
-1.5204607804239862,3.747582053680522,0.1294196069539935,0.7980509425581673,0.3454582554669558,0.5773153936913391,-0.0765466942361188,0.2986704100231528,-0.6507877581056317,-0.1956384226258172,-0.6682821365430637,-0.1584833783214381,-0.7917650730253248,-0.4340498500343164,-0.6641714402710084,-0.1646062012937926,-0.3547277635523676,-0.2210621817213615,-0.1572674494638785,0.1613524672439749
-1.9942847185193135,3.495033259442794,-0.1686509648773063,1.5997593611599368,-0.1172436918800765,0.2189069934601565,-0.3784796072245085,-0.086880497512315,-0.4447266033317912,-0.1442140075793463,-0.5673832489070444,-0.1700287385342636,-0.5279486524520365,0.0507162834700336,-0.1474229731985179,-0.0096260647735305,-0.3037832480302477,-0.178533581383124,-0.1006715024481266,-0.0245377968813731
-1.8206364133270312,3.615330830452951,-0.0311758875443918,1.5004893941934614,0.3110253612423962,0.0230675251949139,-0.2598661875345874,0.0271245615225643,-0.1982631482182318,-0.2968170681449601,-0.37151862685832,-0.4075524299889869,-0.3710393867820359,-0.237520093865107,-0.3884892301517188,-0.0799356096614608,0.0423924769388557,-0.3947992717797765,-0.1947229241240202,-0.4670938715645131
-2.7888009654840404,3.191718866395408,-0.6964769660798295,0.9729176164999916,0.0617687776467491,0.5036460074394896,-0.1823468741068825,0.0657042261576933,-0.3046239831514311,-0.1261788351241202,-0.1005635907633269,-0.2147703026680922,-0.2215895335371621,-0.1136018436999061,0.0901206642923394,-0.2165724045504852,0.1071029662217844,-0.0837735086341229,0.0863193677680295,-0.0299996846220833
-2.814283191087019,3.215182099914578,0.0384001171711185,0.9894394379704246,0.4633197854596648,0.1503352157381399,0.1532813533443525,-0.0996119396182242,-0.0979924434215958,-0.0808633328929884,-0.1622095946852118,0.0033650055147767,-0.0429290320029414,-0.1396915203075759,-0.183966984558431,-0.2263266466749243,-0.2652467997719495,-0.2962448285102461,-0.2713353134560451,-0.3326213881259027
-1.983806723636204,3.373179691043108,-0.4810502851065132,1.798541517144974,-0.2109448367878607,0.113825083046708,-0.1573919786488338,-0.0123435592615594,-0.4071355701781119,0.0323832296770346,-0.4243884443417397,-0.556292061748865,-0.5267589658472445,-0.3324995499381701,-0.1771542006745627,-0.0083922200861361,0.1595620614794711,-0.0480535315941723,0.0305646980306819,-0.1818443525720005
-2.383421141544951,3.1524592175193433,-0.5042584597173378,1.7667667281983526,0.140726938866474,0.3203176012113673,-0.3730446255868418,-0.1965817980341469,-0.3999914356907453,-0.3890747845283763,-0.3150033703886971,-0.4360154406842701,-0.2802502862111072,0.083391853407052,-0.0372354941551755,-0.0552081210832344,0.0237884828983323,-0.1041977484801323,-0.0465941522776061,0.0334260362817005
-2.8891592675869964,3.2571941137712277,-0.0904263601415571,0.6023912019853929,0.6139007348846179,-0.2849182692975581,0.0965119192358631,-0.1740158508100549,-0.0038737471233273,-0.0937834296531189,-0.2249548710714042,-0.0927235296025685,-0.1090442821105711,-0.1587090658672365,-0.1352411398862061,-0.0882176330526323,-0.1786876676731039,-0.0985320732547972,0.009186010943065,0.0431032063109667
-2.2780702418336753,3.283587676744406,0.8609095809825746,1.2229773029155242,-0.1022344719658819,0.4874886028229008,-0.4555908319637102,0.0862834519363078,0.3422478605699643,-0.2087809775862666,-0.3303075847781769,-0.1122650075461798,-0.4630016328684594,-0.3421199948316163,-0.3502681880425515,-0.3934846684333054,-0.4362579199359445,-0.1421952805807485,-0.2965499328436196,-0.3723677427615413
-1.5563105044984058,3.855683199278043,0.2009861478989039,1.1458227721343963,-0.2336212399720695,-0.0979054857507585,0.3477321034455437,-0.2165932345864533,-0.3641020651430725,-0.2952032480487156,-0.2642026561183017,-0.4216185324797371,-0.5345457345998361,-0.1499824988733551,-0.2845743500572191,-0.2703827410505325,-0.1337570775033748,-0.2088546448013035,-0.2784198845690256,-0.2401503247047266
-0.6156179983906013,3.5018730733397025,0.8801604516592442,1.7012331026687582,-0.4052577858177306,0.6974196820400772,-0.5045463065133594,0.1871176759160392,-0.5186600551442425,-0.0786785976387272,-0.4719435558631807,-0.2052011096093408,-0.5658646789547898,-0.6023015433033581,-0.4578302063721247,-0.6337462249640059,-0.4266462569336958,-0.5080975239897301,-0.5041647523176562,-0.4692473898112835
-0.0643288740125698,3.5510635644970425,1.0250526460367433,1.6397620536340622,0.2458855188619852,0.1814037210221658,-0.4396460215202016,-0.0035530076465168,-0.1645736875098584,-0.435439532548552,-0.5984906899304183,-0.3838681408611568,-0.481743686600438,-0.6025450590231048,-0.7052997090283849,-0.6517166972334715,-0.5691192818239122,-0.5480986968107857,-0.4754220289819794,-0.5193223905206457
-2.9996742614260863,3.10350970146923,-0.2312770553565699,0.8636067472478329,0.5434682695831393,-0.0933108903361471,0.1809530520297171,-0.111213364076172,-0.0784900285784747,-0.096695290040281,-0.2924911233895851,0.0057056843430692,-0.0133523938903379,-0.0829185254631778,-0.003881764462688,-0.1442672451397325,-0.0901703389934903,-0.0606787197046873,-0.225685208495996,-0.1731372453195604
-2.637351844950911,3.113232830571257,-0.3188723265675313,1.6634116524356215,-0.0056503810331074,0.1355000104549095,-0.063297310452823,-0.0290085739846102,-0.2114087689688747,-0.3251951383036533,-0.051801359311233,-0.2733291843462979,-0.3419010895670284,-0.1004821328481064,0.0585374154407025,-0.108665923075131,-0.2089360326359368,-0.1971994505116399,-0.0870647508280481,-0.0105176415175578
-0.1170507149458831,3.715756518711427,0.7525066153038394,1.5670180681009496,-0.1505047162053144,0.3696728595850225,-0.3565608956257304,-0.0778873506092491,-0.4698544846049212,-0.3743334808956546,-0.5167985890506905,-0.2173331556367958,-0.5049248163337836,-0.3554095078430428,-0.3890791876863463,-0.6015005016735744,-0.5321624751953192,-0.6054143750232173,-0.5549367849768859,-0.5812030253948293
-2.278061274674658,3.424024235905678,0.6713133205413719,1.1497390521222712,0.3109501523348036,0.1273543204435493,-0.3008954812966369,0.2905101354483395,-0.2193725465918614,-0.2731374863929916,-0.2538501339946165,-0.2883289443516586,-0.3240749759311435,-0.4213560775917823,-0.2010219771772836,-0.4044788673665054,-0.3018277533834743,-0.1983355475774912,-0.1869151393321176,-0.3222350111337932
-2.760858612441452,3.2249433695595044,0.478887704507827,1.0184217903178945,0.4414380286070435,-0.1328079728021153,0.08696172947627,0.0170822485825718,-0.1741803817616119,-0.2384187105113801,-0.1385649073245954,-0.1805464570737043,-0.1583312326212931,-0.2317989406082582,-0.1385853586806939,-0.192987448829831,-0.280688925855652,-0.238236000866299,-0.1954467773623597,-0.206283144311864
-2.1731466055067856,3.5212229629637988,0.3801159213963664,1.1208312660059296,0.026254309338213,0.227969791339632,-0.3484676199051416,0.3459219492142399,-0.336796730142045,-0.014588295066127,-0.1965285727662901,0.0377962364428431,-0.4900802205224113,-0.0641789233404575,-0.5758039777780013,-0.3708091309298544,-0.2667864254982816,-0.385848123891909,-0.1930018204074071,-0.2440759909463141
-1.7093957558316342,3.3813265948825744,1.0088258874375209,1.7030835293256057,-0.0248086478816846,0.046449569069171,-0.1695088436121864,-0.0970716103448308,-0.1843719134305381,-0.0495018087391072,-0.4478182504863311,-0.1370390457925156,-0.5010322833449927,-0.4846899675170455,-0.3989721366364399,-0.450501004818599,-0.3082322386693762,-0.3711704677510754,-0.2924570541223689,-0.5131145517361492
-2.818923627152704,3.2924646330247613,0.2569648004497262,0.3341991001695121,0.8085161462634722,0.1704011063315511,-0.0785822160448642,-0.0525917020462261,-0.1317070923378984,-0.199409396841298,-0.1964693714430866,-0.124983893956326,-0.1621768509810594,-0.0731291570052481,-0.1449931232729781,-0.12040838250941,-0.0768182806340598,-0.1736864400994955,-0.2521904948036114,-0.2564757571107566
-0.5441882538248853,3.320193176070961,1.0947906105454135,1.7945324726580807,0.2532955080117363,0.6012673682884302,-0.4600282329620451,0.1352636736593798,-0.2798958139053705,-0.3444114363633463,-0.2891563538578798,-0.3246602686464336,-0.3774185154462814,-0.6953100971239272,-0.5659735594282198,-0.7547745285715746,-0.5159170243678625,-0.8216507415161164,-0.5388004230083085,-0.6871575602117463
